{
  "IcoMoonType": "selection",
  "icons": [
    {
      "icon": {
        "paths": [
          "M768 512l-460.8 256v-512l460.8 256z"
        ],
        "attrs": [
          {}
        ],
        "isMulticolor": false,
        "isMulticolor2": false,
        "tags": [
          "triangle-right"
        ],
        "grid": 20
      },
      "attrs": [
        {}
      ],
      "properties": {
        "order": 1,
        "id": 1,
        "name": "triangle-right",
        "prevSize": 20,
        "code": 59649
      },
      "setIdx": 1,
      "setId": 5,
      "iconIdx": 0
    },
    {
      "icon": {
        "paths": [
          "M716.8 256v512l-460.8-256 460.8-256z"
        ],
        "attrs": [
          {}
        ],
        "isMulticolor": false,
        "isMulticolor2": false,
        "tags": [
          "triangle-left"
        ],
        "grid": 20
      },
      "attrs": [
        {}
      ],
      "properties": {
        "order": 2,
        "id": 0,
        "name": "triangle-left",
        "prevSize": 20,
        "code": 59650
      },
      "setIdx": 1,
      "setId": 5,
      "iconIdx": 1
    },
    {
      "icon": {
        "paths": [
          "M340 548.571c0 4.571-2.286 9.714-5.714 13.143l-266.286 266.286c-3.429 3.429-8.571 5.714-13.143 5.714s-9.714-2.286-13.143-5.714l-28.571-28.571c-3.429-3.429-5.714-8-5.714-13.143 0-4.571 2.286-9.714 5.714-13.143l224.571-224.571-224.571-224.571c-3.429-3.429-5.714-8.571-5.714-13.143s2.286-9.714 5.714-13.143l28.571-28.571c3.429-3.429 8.571-5.714 13.143-5.714s9.714 2.286 13.143 5.714l266.286 266.286c3.429 3.429 5.714 8.571 5.714 13.143z"
        ],
        "attrs": [
          {}
        ],
        "width": 347,
        "isMulticolor": false,
        "isMulticolor2": false,
        "tags": [
          "angle-right"
        ],
        "grid": 14
      },
      "attrs": [
        {}
      ],
      "properties": {
        "order": 1,
        "id": 1,
        "name": "angle-right",
        "prevSize": 28,
        "code": 59651
      },
      "setIdx": 4,
      "setId": 2,
      "iconIdx": 0
    },
    {
      "icon": {
        "paths": [
          "M358.286 310.857c0 4.571-2.286 9.714-5.714 13.143l-224.571 224.571 224.571 224.571c3.429 3.429 5.714 8.571 5.714 13.143s-2.286 9.714-5.714 13.143l-28.571 28.571c-3.429 3.429-8.571 5.714-13.143 5.714s-9.714-2.286-13.143-5.714l-266.286-266.286c-3.429-3.429-5.714-8.571-5.714-13.143s2.286-9.714 5.714-13.143l266.286-266.286c3.429-3.429 8.571-5.714 13.143-5.714s9.714 2.286 13.143 5.714l28.571 28.571c3.429 3.429 5.714 8 5.714 13.143z"
        ],
        "attrs": [
          {}
        ],
        "width": 384,
        "isMulticolor": false,
        "isMulticolor2": false,
        "tags": [
          "angle-left"
        ],
        "grid": 14
      },
      "attrs": [
        {}
      ],
      "properties": {
        "order": 1,
        "id": 0,
        "prevSize": 28,
        "code": 59648,
        "name": "angle-left"
      },
      "setIdx": 4,
      "setId": 2,
      "iconIdx": 1
    },
    {
      "icon": {
        "width": 1280,
        "paths": [
          "M640 576c105.87 0 201.87 43.066 271.402 112.598l-90.468 90.468c-46.354-46.356-110.356-75.066-180.934-75.066s-134.578 28.71-180.934 75.066l-90.468-90.468c69.532-69.532 165.532-112.598 271.402-112.598zM187.452 507.452c120.88-120.88 281.598-187.452 452.548-187.452s331.668 66.572 452.55 187.452l-90.51 90.508c-96.706-96.704-225.28-149.96-362.040-149.96-136.762 0-265.334 53.256-362.038 149.962l-90.51-90.51zM988.784 134.438c106.702 45.132 202.516 109.728 284.782 191.996v0l-90.508 90.508c-145.056-145.056-337.92-224.942-543.058-224.942-205.14 0-398 79.886-543.058 224.942l-90.51-90.51c82.268-82.266 178.082-146.862 284.784-191.994 110.504-46.738 227.852-70.438 348.784-70.438s238.278 23.7 348.784 70.438zM576 896c0-35.346 28.654-64 64-64s64 28.654 64 64c0 35.346-28.654 64-64 64s-64-28.654-64-64z"
        ],
        "tags": [
          "connection",
          "wifi",
          "wave"
        ],
        "defaultCode": 59675,
        "grid": 16,
        "attrs": []
      },
      "attrs": [],
      "properties": {
        "ligatures": "connection, wifi",
        "name": "connection",
        "order": 33,
        "id": 28,
        "prevSize": 32,
        "code": 59675
      },
      "setIdx": 5,
      "setId": 1,
      "iconIdx": 27
    },
    {
      "icon": {
        "paths": [
          "M917.806 229.076c-22.212-30.292-53.174-65.7-87.178-99.704s-69.412-64.964-99.704-87.178c-51.574-37.82-76.592-42.194-90.924-42.194h-496c-44.112 0-80 35.888-80 80v864c0 44.112 35.888 80 80 80h736c44.112 0 80-35.888 80-80v-624c0-14.332-4.372-39.35-42.194-90.924zM785.374 174.626c30.7 30.7 54.8 58.398 72.58 81.374h-153.954v-153.946c22.984 17.78 50.678 41.878 81.374 72.572zM896 944c0 8.672-7.328 16-16 16h-736c-8.672 0-16-7.328-16-16v-864c0-8.672 7.328-16 16-16 0 0 495.956-0.002 496 0v224c0 17.672 14.326 32 32 32h224v624z"
        ],
        "tags": [
          "file-empty",
          "file",
          "document",
          "paper",
          "page",
          "new",
          "empty",
          "blank"
        ],
        "defaultCode": 59684,
        "grid": 16,
        "attrs": []
      },
      "attrs": [],
      "properties": {
        "ligatures": "file-empty, file3",
        "name": "file-empty",
        "order": 18,
        "id": 37,
        "prevSize": 32,
        "code": 59684
      },
      "setIdx": 5,
      "setId": 1,
      "iconIdx": 36
    },
    {
      "icon": {
        "paths": [
          "M917.806 229.076c-22.212-30.292-53.174-65.7-87.178-99.704s-69.412-64.964-99.704-87.178c-51.574-37.82-76.592-42.194-90.924-42.194h-496c-44.112 0-80 35.888-80 80v864c0 44.112 35.888 80 80 80h736c44.112 0 80-35.888 80-80v-624c0-14.332-4.372-39.35-42.194-90.924zM785.374 174.626c30.7 30.7 54.8 58.398 72.58 81.374h-153.954v-153.946c22.984 17.78 50.678 41.878 81.374 72.572zM896 944c0 8.672-7.328 16-16 16h-736c-8.672 0-16-7.328-16-16v-864c0-8.672 7.328-16 16-16 0 0 495.956-0.002 496 0v224c0 17.672 14.326 32 32 32h224v624z",
          "M736 832h-448c-17.672 0-32-14.326-32-32s14.328-32 32-32h448c17.674 0 32 14.326 32 32s-14.326 32-32 32z",
          "M736 704h-448c-17.672 0-32-14.326-32-32s14.328-32 32-32h448c17.674 0 32 14.326 32 32s-14.326 32-32 32z",
          "M736 576h-448c-17.672 0-32-14.326-32-32s14.328-32 32-32h448c17.674 0 32 14.326 32 32s-14.326 32-32 32z"
        ],
        "tags": [
          "file-text",
          "file",
          "document",
          "list",
          "paper",
          "page"
        ],
        "defaultCode": 59686,
        "grid": 16,
        "attrs": []
      },
      "attrs": [],
      "properties": {
        "ligatures": "file-text2, file4",
        "name": "file-text2",
        "order": 13,
        "id": 39,
        "prevSize": 32,
        "code": 59686
      },
      "setIdx": 5,
      "setId": 1,
      "iconIdx": 38
    },
    {
      "icon": {
        "paths": [
          "M832 896h-640v-128l192-320 263 320 185-128v256z",
          "M832 480c0 53.020-42.98 96-96 96-53.022 0-96-42.98-96-96s42.978-96 96-96c53.020 0 96 42.98 96 96z",
          "M917.806 229.076c-22.212-30.292-53.174-65.7-87.178-99.704s-69.412-64.964-99.704-87.178c-51.574-37.82-76.592-42.194-90.924-42.194h-496c-44.112 0-80 35.888-80 80v864c0 44.112 35.888 80 80 80h736c44.112 0 80-35.888 80-80v-624c0-14.332-4.372-39.35-42.194-90.924zM785.374 174.626c30.7 30.7 54.8 58.398 72.58 81.374h-153.954v-153.946c22.984 17.78 50.678 41.878 81.374 72.572zM896 944c0 8.672-7.328 16-16 16h-736c-8.672 0-16-7.328-16-16v-864c0-8.672 7.328-16 16-16 0 0 495.956-0.002 496 0v224c0 17.672 14.326 32 32 32h224v624z"
        ],
        "tags": [
          "file-picture",
          "file",
          "document",
          "file-image"
        ],
        "defaultCode": 59687,
        "grid": 16,
        "attrs": []
      },
      "attrs": [],
      "properties": {
        "ligatures": "file-picture, file5",
        "name": "file-picture",
        "order": 14,
        "id": 40,
        "prevSize": 32,
        "code": 59687
      },
      "setIdx": 5,
      "setId": 1,
      "iconIdx": 39
    },
    {
      "icon": {
        "paths": [
          "M917.806 229.076c-22.21-30.292-53.174-65.7-87.178-99.704s-69.412-64.964-99.704-87.178c-51.574-37.82-76.592-42.194-90.924-42.194h-496c-44.112 0-80 35.888-80 80v864c0 44.112 35.886 80 80 80h736c44.112 0 80-35.888 80-80v-624c0-14.332-4.372-39.35-42.194-90.924v0zM785.374 174.626c30.7 30.7 54.8 58.398 72.58 81.374h-153.954v-153.946c22.982 17.78 50.678 41.878 81.374 72.572v0zM896 944c0 8.672-7.328 16-16 16h-736c-8.672 0-16-7.328-16-16v-864c0-8.672 7.328-16 16-16 0 0 495.956-0.002 496 0v224c0 17.672 14.324 32 32 32h224v624z",
          "M756.288 391.252c-7.414-6.080-17.164-8.514-26.562-6.632l-320 64c-14.958 2.994-25.726 16.126-25.726 31.38v236.876c-18.832-8.174-40.678-12.876-64-12.876-70.692 0-128 42.98-128 96s57.308 96 128 96 128-42.98 128-96v-229.766l256-51.202v133.842c-18.832-8.174-40.678-12.876-64-12.876-70.692 0-128 42.98-128 96s57.308 96 128 96 128-42.98 128-96v-319.998c0-9.586-4.298-18.668-11.712-24.748z"
        ],
        "tags": [
          "file-music",
          "file",
          "document",
          "file-song",
          "file-audio"
        ],
        "defaultCode": 59688,
        "grid": 16,
        "attrs": []
      },
      "attrs": [],
      "properties": {
        "ligatures": "file-music, file6",
        "name": "file-music",
        "order": 15,
        "id": 41,
        "prevSize": 32,
        "code": 59688
      },
      "setIdx": 5,
      "setId": 1,
      "iconIdx": 40
    },
    {
      "icon": {
        "paths": [
          "M384 384l320 224-320 224v-448z",
          "M917.806 229.076c-22.212-30.292-53.174-65.7-87.178-99.704s-69.412-64.964-99.704-87.178c-51.574-37.82-76.592-42.194-90.924-42.194h-496c-44.112 0-80 35.888-80 80v864c0 44.112 35.888 80 80 80h736c44.112 0 80-35.888 80-80v-624c0-14.332-4.372-39.35-42.194-90.924zM785.374 174.626c30.7 30.7 54.8 58.398 72.58 81.374h-153.954v-153.946c22.984 17.78 50.678 41.878 81.374 72.572zM896 944c0 8.672-7.328 16-16 16h-736c-8.672 0-16-7.328-16-16v-864c0-8.672 7.328-16 16-16 0 0 495.956-0.002 496 0v224c0 17.672 14.326 32 32 32h224v624z"
        ],
        "tags": [
          "file-play",
          "file",
          "document",
          "file-media",
          "file-video"
        ],
        "defaultCode": 59689,
        "grid": 16,
        "attrs": []
      },
      "attrs": [],
      "properties": {
        "ligatures": "file-play, file7",
        "name": "file-play",
        "order": 16,
        "id": 42,
        "prevSize": 32,
        "code": 59689
      },
      "setIdx": 5,
      "setId": 1,
      "iconIdx": 41
    },
    {
      "icon": {
        "paths": [
          "M917.806 229.076c-22.208-30.292-53.174-65.7-87.178-99.704s-69.412-64.964-99.704-87.178c-51.574-37.82-76.592-42.194-90.924-42.194h-496c-44.112 0-80 35.888-80 80v864c0 44.112 35.884 80 80 80h736c44.112 0 80-35.888 80-80v-624c0-14.332-4.372-39.35-42.194-90.924v0 0zM785.374 174.626c30.7 30.7 54.8 58.398 72.58 81.374h-153.954v-153.946c22.98 17.78 50.678 41.878 81.374 72.572v0 0zM896 944c0 8.672-7.328 16-16 16h-736c-8.672 0-16-7.328-16-16v-864c0-8.672 7.328-16 16-16 0 0 495.956-0.002 496 0v224c0 17.672 14.322 32 32 32h224v624z",
          "M256 64h128v64h-128v-64z",
          "M384 128h128v64h-128v-64z",
          "M256 192h128v64h-128v-64z",
          "M384 256h128v64h-128v-64z",
          "M256 320h128v64h-128v-64z",
          "M384 384h128v64h-128v-64z",
          "M256 448h128v64h-128v-64z",
          "M384 512h128v64h-128v-64z",
          "M256 848c0 26.4 21.6 48 48 48h160c26.4 0 48-21.6 48-48v-160c0-26.4-21.6-48-48-48h-80v-64h-128v272zM448 768v64h-128v-64h128z"
        ],
        "tags": [
          "file-zip",
          "file",
          "document",
          "file-compressed",
          "file-type",
          "file-format"
        ],
        "defaultCode": 59691,
        "grid": 16,
        "attrs": []
      },
      "attrs": [],
      "properties": {
        "ligatures": "file-zip, file9",
        "name": "file-zip",
        "order": 17,
        "id": 44,
        "prevSize": 32,
        "code": 59691
      },
      "setIdx": 5,
      "setId": 1,
      "iconIdx": 43
    },
    {
      "icon": {
        "paths": [
          "M448 128l128 128h448v704h-1024v-832z"
        ],
        "tags": [
          "folder",
          "directory",
          "category",
          "browse"
        ],
        "defaultCode": 59695,
        "grid": 16,
        "attrs": []
      },
      "attrs": [],
      "properties": {
        "ligatures": "folder, directory",
        "name": "folder",
        "order": 11,
        "id": 48,
        "prevSize": 32,
        "code": 59695
      },
      "setIdx": 5,
      "setId": 1,
      "iconIdx": 47
    },
    {
      "icon": {
        "paths": [
          "M832 960l192-512h-832l-192 512zM128 384l-128 576v-832h288l128 128h416v128z"
        ],
        "tags": [
          "folder-open",
          "directory",
          "category",
          "browse"
        ],
        "defaultCode": 59696,
        "grid": 16,
        "attrs": []
      },
      "attrs": [],
      "properties": {
        "ligatures": "folder-open, directory2",
        "name": "folder-open",
        "order": 12,
        "id": 49,
        "prevSize": 32,
        "code": 59696
      },
      "setIdx": 5,
      "setId": 1,
      "iconIdx": 48
    },
    {
      "icon": {
        "paths": [
          "M512 576l256-256h-192v-256h-128v256h-192zM744.726 471.272l-71.74 71.742 260.080 96.986-421.066 157.018-421.066-157.018 260.080-96.986-71.742-71.742-279.272 104.728v256l512 192 512-192v-256z"
        ],
        "tags": [
          "download",
          "save",
          "store",
          "arrow"
        ],
        "defaultCode": 59744,
        "grid": 16,
        "attrs": []
      },
      "attrs": [],
      "properties": {
        "ligatures": "download, save",
        "name": "download",
        "order": 57,
        "id": 97,
        "prevSize": 32,
        "code": 59744
      },
      "setIdx": 5,
      "setId": 1,
      "iconIdx": 96
    },
    {
      "icon": {
        "paths": [
          "M448 576h128v-256h192l-256-256-256 256h192zM640 432v98.712l293.066 109.288-421.066 157.018-421.066-157.018 293.066-109.288v-98.712l-384 144v256l512 192 512-192v-256z"
        ],
        "tags": [
          "upload",
          "load",
          "arrow"
        ],
        "defaultCode": 59745,
        "grid": 16,
        "attrs": []
      },
      "attrs": [],
      "properties": {
        "ligatures": "upload, load",
        "name": "upload",
        "order": 58,
        "id": 98,
        "prevSize": 32,
        "code": 59745
      },
      "setIdx": 5,
      "setId": 1,
      "iconIdx": 97
    },
    {
      "icon": {
        "paths": [
          "M896 0h-896v1024h1024v-896l-128-128zM512 128h128v256h-128v-256zM896 896h-768v-768h64v320h576v-320h74.978l53.022 53.018v714.982z"
        ],
        "tags": [
          "floppy-disk",
          "save"
        ],
        "defaultCode": 59746,
        "grid": 16,
        "attrs": []
      },
      "attrs": [],
      "properties": {
        "ligatures": "floppy-disk, save2",
        "name": "floppy-disk",
        "order": 59,
        "id": 99,
        "prevSize": 32,
        "code": 59746
      },
      "setIdx": 5,
      "setId": 1,
      "iconIdx": 98
    },
    {
      "icon": {
        "width": 1152,
        "paths": [
          "M1088 901.166c0 45.5 26.028 84.908 64 104.184v15.938c-10.626 1.454-21.472 2.224-32.5 2.224-68.008 0-129.348-28.528-172.722-74.264-26.222 6.982-54.002 10.752-82.778 10.752-159.058 0-288-114.616-288-256s128.942-256 288-256c159.058 0 288 114.616 288 256 0 55.348-19.764 106.592-53.356 148.466-6.824 14.824-10.644 31.312-10.644 48.7zM230.678 221.186c-66.214 53.798-102.678 122.984-102.678 194.814 0 40.298 11.188 79.378 33.252 116.15 22.752 37.92 56.982 72.586 98.988 100.252 30.356 19.992 50.78 51.948 56.176 87.894 1.8 11.984 2.928 24.088 3.37 36.124 7.47-6.194 14.75-12.846 21.88-19.976 24.154-24.152 56.78-37.49 90.502-37.49 5.368 0 10.762 0.336 16.156 1.024 20.948 2.662 42.344 4.016 63.594 4.020v128c-27.128-0.002-53.754-1.738-79.742-5.042-109.978 109.978-241.25 129.7-368.176 132.596v-26.916c68.536-33.578 128-94.74 128-164.636 0-9.754-0.758-19.33-2.164-28.696-115.796-76.264-189.836-192.754-189.836-323.304 0-229.75 229.23-416 512-416 278.458 0 504.992 180.614 511.836 405.52-41.096-18.316-85.84-29.422-132.262-32.578-11.53-56.068-45.402-108.816-98.252-151.756-35.322-28.698-76.916-51.39-123.628-67.444-49.706-17.080-102.76-25.742-157.694-25.742-54.932 0-107.988 8.662-157.694 25.742-46.712 16.054-88.306 38.744-123.628 67.444z"
        ],
        "tags": [
          "bubbles",
          "comments",
          "chat",
          "talk"
        ],
        "defaultCode": 59759,
        "grid": 16,
        "attrs": []
      },
      "attrs": [],
      "properties": {
        "ligatures": "bubbles3, comments3",
        "name": "bubbles3",
        "order": 46,
        "id": 112,
        "prevSize": 32,
        "code": 59759
      },
      "setIdx": 5,
      "setId": 1,
      "iconIdx": 111
    },
    {
      "icon": {
        "width": 1152,
        "paths": [
          "M480 128c-50.666 0-99.582 7.95-145.386 23.628-42.924 14.694-81.114 35.436-113.502 61.646-60.044 48.59-93.112 110.802-93.112 175.174 0 35.99 10.066 70.948 29.92 103.898 20.686 34.34 51.898 65.794 90.26 90.958 30.44 19.968 50.936 51.952 56.362 87.95 0.902 5.99 1.63 12.006 2.18 18.032 2.722-2.52 5.424-5.114 8.114-7.794 24.138-24.040 56.688-37.312 90.322-37.312 5.348 0 10.718 0.336 16.094 1.018 19.36 2.452 39.124 3.696 58.748 3.696 50.666 0 99.58-7.948 145.384-23.628 42.926-14.692 81.116-35.434 113.504-61.644 60.046-48.59 93.112-110.802 93.112-175.174s-33.066-126.582-93.112-175.174c-32.388-26.212-70.578-46.952-113.504-61.646-45.804-15.678-94.718-23.628-145.384-23.628zM480 0v0c265.096 0 480 173.914 480 388.448s-214.904 388.448-480 388.448c-25.458 0-50.446-1.62-74.834-4.71-103.106 102.694-222.172 121.108-341.166 123.814v-25.134c64.252-31.354 116-88.466 116-153.734 0-9.106-0.712-18.048-2.030-26.794-108.558-71.214-177.97-179.988-177.97-301.89 0-214.534 214.904-388.448 480-388.448zM996 870.686c0 55.942 36.314 104.898 92 131.772v21.542c-103.126-2.318-197.786-18.102-287.142-106.126-21.14 2.65-42.794 4.040-64.858 4.040-95.47 0-183.408-25.758-253.614-69.040 144.674-0.506 281.26-46.854 384.834-130.672 52.208-42.252 93.394-91.826 122.414-147.348 30.766-58.866 46.366-121.582 46.366-186.406 0-10.448-0.45-20.836-1.258-31.168 72.57 59.934 117.258 141.622 117.258 231.676 0 104.488-60.158 197.722-154.24 258.764-1.142 7.496-1.76 15.16-1.76 22.966z"
        ],
        "tags": [
          "bubbles",
          "comments",
          "chat",
          "talk"
        ],
        "defaultCode": 59760,
        "grid": 16,
        "attrs": []
      },
      "attrs": [],
      "properties": {
        "ligatures": "bubbles4, comments4",
        "name": "bubbles4",
        "order": 45,
        "id": 113,
        "prevSize": 32,
        "code": 59760
      },
      "setIdx": 5,
      "setId": 1,
      "iconIdx": 112
    },
    {
      "icon": {
        "paths": [
          "M576 706.612v-52.78c70.498-39.728 128-138.772 128-237.832 0-159.058 0-288-192-288s-192 128.942-192 288c0 99.060 57.502 198.104 128 237.832v52.78c-217.102 17.748-384 124.42-384 253.388h896c0-128.968-166.898-235.64-384-253.388z"
        ],
        "tags": [
          "user",
          "profile",
          "avatar",
          "person",
          "member"
        ],
        "defaultCode": 59761,
        "grid": 16,
        "attrs": []
      },
      "attrs": [],
      "properties": {
        "ligatures": "user, profile2",
        "name": "user",
        "order": 44,
        "id": 114,
        "prevSize": 32,
        "code": 59761
      },
      "setIdx": 5,
      "setId": 1,
      "iconIdx": 113
    },
    {
      "icon": {
        "width": 1152,
        "paths": [
          "M768 770.612v-52.78c70.498-39.728 128-138.772 128-237.832 0-159.058 0-288-192-288s-192 128.942-192 288c0 99.060 57.502 198.104 128 237.832v52.78c-217.102 17.748-384 124.42-384 253.388h896c0-128.968-166.898-235.64-384-253.388z",
          "M327.196 795.328c55.31-36.15 124.080-63.636 199.788-80.414-15.054-17.784-28.708-37.622-40.492-59.020-30.414-55.234-46.492-116.058-46.492-175.894 0-86.042 0-167.31 30.6-233.762 29.706-64.504 83.128-104.496 159.222-119.488-16.914-76.48-61.94-126.75-181.822-126.75-192 0-192 128.942-192 288 0 99.060 57.502 198.104 128 237.832v52.78c-217.102 17.748-384 124.42-384 253.388h279.006c14.518-12.91 30.596-25.172 48.19-36.672z"
        ],
        "tags": [
          "users",
          "group",
          "team",
          "members",
          "community",
          "collaborate"
        ],
        "defaultCode": 59762,
        "grid": 16,
        "attrs": []
      },
      "attrs": [],
      "properties": {
        "ligatures": "users, group",
        "name": "users",
        "order": 42,
        "id": 115,
        "prevSize": 32,
        "code": 59762
      },
      "setIdx": 5,
      "setId": 1,
      "iconIdx": 114
    },
    {
      "icon": {
        "width": 1024,
        "paths": [
          "M384 736c0-151.234 95.874-280.486 230.032-330.2 16.28-36.538 25.968-77.164 25.968-117.8 0-159.058 0-288-192-288s-192 128.942-192 288c0 99.060 57.502 198.104 128 237.832v52.78c-217.102 17.748-384 124.42-384 253.388h397.306c-8.664-30.53-13.306-62.732-13.306-96z",
          "M736 448c-159.058 0-288 128.942-288 288s128.942 288 288 288c159.056 0 288-128.942 288-288s-128.942-288-288-288zM896 768h-128v128h-64v-128h-128v-64h128v-128h64v128h128v64z"
        ],
        "tags": [
          "user-plus",
          "user",
          "user-add",
          "profile",
          "avatar",
          "person",
          "member"
        ],
        "defaultCode": 59763,
        "grid": 16,
        "attrs": []
      },
      "attrs": [],
      "properties": {
        "ligatures": "user-plus, user2",
        "name": "user-plus",
        "order": 40,
        "id": 116,
        "prevSize": 32,
        "code": 59763
      },
      "setIdx": 5,
      "setId": 1,
      "iconIdx": 115
    },
    {
      "icon": {
        "width": 1024,
        "paths": [
          "M384 736c0-151.234 95.874-280.486 230.032-330.2 16.28-36.538 25.968-77.164 25.968-117.8 0-159.058 0-288-192-288s-192 128.942-192 288c0 99.060 57.502 198.104 128 237.832v52.78c-217.102 17.748-384 124.42-384 253.388h397.306c-8.664-30.53-13.306-62.732-13.306-96z",
          "M736 448c-159.058 0-288 128.942-288 288s128.942 288 288 288c159.056 0 288-128.942 288-288s-128.942-288-288-288zM896 768h-320v-64h320v64z"
        ],
        "tags": [
          "user-minus",
          "user",
          "user-remove",
          "profile",
          "avatar",
          "person",
          "member"
        ],
        "defaultCode": 59764,
        "grid": 16,
        "attrs": []
      },
      "attrs": [],
      "properties": {
        "ligatures": "user-minus, user3",
        "name": "user-minus",
        "order": 41,
        "id": 117,
        "prevSize": 32,
        "code": 59764
      },
      "setIdx": 5,
      "setId": 1,
      "iconIdx": 116
    },
    {
      "icon": {
        "width": 1024,
        "paths": [
          "M960 608l-288 288-96-96-64 64 160 160 352-352z",
          "M448 768h320v-115.128c-67.22-39.2-156.308-66.11-256-74.26v-52.78c70.498-39.728 128-138.772 128-237.832 0-159.058 0-288-192-288s-192 128.942-192 288c0 99.060 57.502 198.104 128 237.832v52.78c-217.102 17.748-384 124.42-384 253.388h448v-64z"
        ],
        "tags": [
          "user-check",
          "user",
          "user-tick",
          "profile",
          "avatar",
          "person",
          "member"
        ],
        "defaultCode": 59765,
        "grid": 16,
        "attrs": []
      },
      "attrs": [],
      "properties": {
        "ligatures": "user-check, user4",
        "name": "user-check",
        "order": 43,
        "id": 118,
        "prevSize": 32,
        "code": 59765
      },
      "setIdx": 5,
      "setId": 1,
      "iconIdx": 117
    },
    {
      "icon": {
        "paths": [
          "M384 128c0-70.692 57.308-128 128-128s128 57.308 128 128c0 70.692-57.308 128-128 128s-128-57.308-128-128zM655.53 240.47c0-70.692 57.308-128 128-128s128 57.308 128 128c0 70.692-57.308 128-128 128s-128-57.308-128-128zM832 512c0-35.346 28.654-64 64-64s64 28.654 64 64c0 35.346-28.654 64-64 64s-64-28.654-64-64zM719.53 783.53c0-35.346 28.654-64 64-64s64 28.654 64 64c0 35.346-28.654 64-64 64s-64-28.654-64-64zM448.002 896c0 0 0 0 0 0 0-35.346 28.654-64 64-64s64 28.654 64 64c0 0 0 0 0 0 0 35.346-28.654 64-64 64s-64-28.654-64-64zM176.472 783.53c0 0 0 0 0 0 0-35.346 28.654-64 64-64s64 28.654 64 64c0 0 0 0 0 0 0 35.346-28.654 64-64 64s-64-28.654-64-64zM144.472 240.47c0 0 0 0 0 0 0-53.019 42.981-96 96-96s96 42.981 96 96c0 0 0 0 0 0 0 53.019-42.981 96-96 96s-96-42.981-96-96zM56 512c0-39.765 32.235-72 72-72s72 32.235 72 72c0 39.765-32.235 72-72 72s-72-32.235-72-72z"
        ],
        "tags": [
          "spinner",
          "loading",
          "loading-wheel",
          "busy",
          "wait"
        ],
        "defaultCode": 59770,
        "grid": 16,
        "attrs": []
      },
      "attrs": [],
      "properties": {
        "ligatures": "spinner, loading2",
        "name": "spinner",
        "order": 52,
        "id": 123,
        "prevSize": 32,
        "code": 59770
      },
      "setIdx": 5,
      "setId": 1,
      "iconIdx": 122
    },
    {
      "icon": {
        "paths": [
          "M933.79 610.25c-53.726-93.054-21.416-212.304 72.152-266.488l-100.626-174.292c-28.75 16.854-62.176 26.518-97.846 26.518-107.536 0-194.708-87.746-194.708-195.99h-201.258c0.266 33.41-8.074 67.282-25.958 98.252-53.724 93.056-173.156 124.702-266.862 70.758l-100.624 174.292c28.97 16.472 54.050 40.588 71.886 71.478 53.638 92.908 21.512 211.92-71.708 266.224l100.626 174.292c28.65-16.696 61.916-26.254 97.4-26.254 107.196 0 194.144 87.192 194.7 194.958h201.254c-0.086-33.074 8.272-66.57 25.966-97.218 53.636-92.906 172.776-124.594 266.414-71.012l100.626-174.29c-28.78-16.466-53.692-40.498-71.434-71.228zM512 719.332c-114.508 0-207.336-92.824-207.336-207.334 0-114.508 92.826-207.334 207.336-207.334 114.508 0 207.332 92.826 207.332 207.334-0.002 114.51-92.824 207.334-207.332 207.334z"
        ],
        "tags": [
          "cog",
          "gear",
          "preferences",
          "settings",
          "generate",
          "control",
          "options"
        ],
        "defaultCode": 59796,
        "grid": 16,
        "attrs": []
      },
      "attrs": [],
      "properties": {
        "ligatures": "cog, gear",
        "name": "cog",
        "order": 47,
        "id": 149,
        "prevSize": 32,
        "code": 59796
      },
      "setIdx": 5,
      "setId": 1,
      "iconIdx": 148
    },
    {
      "icon": {
        "paths": [
          "M363.722 722.052l41.298-57.816-45.254-45.256-57.818 41.296c-10.722-5.994-22.204-10.774-34.266-14.192l-11.682-70.084h-64l-11.68 70.086c-12.062 3.418-23.544 8.198-34.266 14.192l-57.818-41.298-45.256 45.256 41.298 57.816c-5.994 10.72-10.774 22.206-14.192 34.266l-70.086 11.682v64l70.086 11.682c3.418 12.060 8.198 23.544 14.192 34.266l-41.298 57.816 45.254 45.256 57.818-41.296c10.722 5.994 22.204 10.774 34.266 14.192l11.682 70.084h64l11.68-70.086c12.062-3.418 23.544-8.198 34.266-14.192l57.818 41.296 45.254-45.256-41.298-57.816c5.994-10.72 10.774-22.206 14.192-34.266l70.088-11.68v-64l-70.086-11.682c-3.418-12.060-8.198-23.544-14.192-34.266zM224 864c-35.348 0-64-28.654-64-64s28.652-64 64-64 64 28.654 64 64-28.652 64-64 64zM1024 384v-64l-67.382-12.25c-1.242-8.046-2.832-15.978-4.724-23.79l57.558-37.1-24.492-59.128-66.944 14.468c-4.214-6.91-8.726-13.62-13.492-20.13l39.006-56.342-45.256-45.254-56.342 39.006c-6.512-4.766-13.22-9.276-20.13-13.494l14.468-66.944-59.128-24.494-37.1 57.558c-7.812-1.892-15.744-3.482-23.79-4.724l-12.252-67.382h-64l-12.252 67.382c-8.046 1.242-15.976 2.832-23.79 4.724l-37.098-57.558-59.128 24.492 14.468 66.944c-6.91 4.216-13.62 8.728-20.13 13.494l-56.342-39.006-45.254 45.254 39.006 56.342c-4.766 6.51-9.278 13.22-13.494 20.13l-66.944-14.468-24.492 59.128 57.558 37.1c-1.892 7.812-3.482 15.742-4.724 23.79l-67.384 12.252v64l67.382 12.25c1.242 8.046 2.832 15.978 4.724 23.79l-57.558 37.1 24.492 59.128 66.944-14.468c4.216 6.91 8.728 13.618 13.494 20.13l-39.006 56.342 45.254 45.256 56.342-39.006c6.51 4.766 13.22 9.276 20.13 13.492l-14.468 66.944 59.128 24.492 37.102-57.558c7.81 1.892 15.742 3.482 23.788 4.724l12.252 67.384h64l12.252-67.382c8.044-1.242 15.976-2.832 23.79-4.724l37.1 57.558 59.128-24.492-14.468-66.944c6.91-4.216 13.62-8.726 20.13-13.492l56.342 39.006 45.256-45.256-39.006-56.342c4.766-6.512 9.276-13.22 13.492-20.13l66.944 14.468 24.492-59.13-57.558-37.1c1.892-7.812 3.482-15.742 4.724-23.79l67.382-12.25zM672 491.2c-76.878 0-139.2-62.322-139.2-139.2s62.32-139.2 139.2-139.2 139.2 62.322 139.2 139.2c0 76.878-62.32 139.2-139.2 139.2z"
        ],
        "tags": [
          "cogs",
          "gears",
          "preferences",
          "settings",
          "generate",
          "control",
          "options"
        ],
        "defaultCode": 59797,
        "grid": 16,
        "attrs": []
      },
      "attrs": [],
      "properties": {
        "ligatures": "cogs, gears",
        "name": "cogs",
        "order": 48,
        "id": 150,
        "prevSize": 32,
        "code": 59797
      },
      "setIdx": 5,
      "setId": 1,
      "iconIdx": 149
    },
    {
      "icon": {
        "paths": [
          "M128 320v640c0 35.2 28.8 64 64 64h576c35.2 0 64-28.8 64-64v-640h-704zM320 896h-64v-448h64v448zM448 896h-64v-448h64v448zM576 896h-64v-448h64v448zM704 896h-64v-448h64v448z",
          "M848 128h-208v-80c0-26.4-21.6-48-48-48h-224c-26.4 0-48 21.6-48 48v80h-208c-26.4 0-48 21.6-48 48v80h832v-80c0-26.4-21.6-48-48-48zM576 128h-192v-63.198h192v63.198z"
        ],
        "tags": [
          "bin",
          "trashcan",
          "remove",
          "delete",
          "recycle",
          "dispose"
        ],
        "defaultCode": 59820,
        "grid": 16,
        "attrs": []
      },
      "attrs": [],
      "properties": {
        "ligatures": "bin, trashcan",
        "name": "bin",
        "order": 49,
        "id": 173,
        "prevSize": 32,
        "code": 59820
      },
      "setIdx": 5,
      "setId": 1,
      "iconIdx": 172
    },
    {
      "icon": {
        "paths": [
          "M640 146.588v135.958c36.206 15.804 69.5 38.408 98.274 67.18 60.442 60.44 93.726 140.8 93.726 226.274s-33.286 165.834-93.726 226.274c-60.44 60.44-140.798 93.726-226.274 93.726s-165.834-33.286-226.274-93.726c-60.44-60.44-93.726-140.8-93.726-226.274s33.286-165.834 93.726-226.274c28.774-28.774 62.068-51.378 98.274-67.182v-135.956c-185.048 55.080-320 226.472-320 429.412 0 247.424 200.578 448 448 448 247.424 0 448-200.576 448-448 0-202.94-134.95-374.332-320-429.412zM448 0h128v512h-128z"
        ],
        "tags": [
          "switch"
        ],
        "defaultCode": 59830,
        "grid": 16,
        "attrs": []
      },
      "attrs": [],
      "properties": {
        "ligatures": "switch",
        "name": "switch",
        "order": 53,
        "id": 183,
        "prevSize": 32,
        "code": 59830
      },
      "setIdx": 5,
      "setId": 1,
      "iconIdx": 182
    },
    {
      "icon": {
        "paths": [
          "M64 192h896v192h-896zM64 448h896v192h-896zM64 704h896v192h-896z"
        ],
        "tags": [
          "menu",
          "list",
          "options",
          "lines",
          "hamburger"
        ],
        "defaultCode": 59837,
        "grid": 16,
        "attrs": []
      },
      "attrs": [],
      "properties": {
        "ligatures": "menu, list3",
        "name": "menu",
        "order": 34,
        "id": 190,
        "prevSize": 32,
        "code": 59837
      },
      "setIdx": 5,
      "setId": 1,
      "iconIdx": 189
    },
    {
      "icon": {
        "paths": [
          "M512 0c-282.77 0-512 229.23-512 512s229.23 512 512 512 512-229.23 512-512-229.23-512-512-512zM512 928c-229.75 0-416-186.25-416-416s186.25-416 416-416 416 186.25 416 416-186.25 416-416 416z",
          "M672 256l-160 160-160-160-96 96 160 160-160 160 96 96 160-160 160 160 96-96-160-160 160-160z"
        ],
        "tags": [
          "cancel-circle",
          "close",
          "remove",
          "delete"
        ],
        "defaultCode": 59917,
        "grid": 16,
        "attrs": []
      },
      "attrs": [],
      "properties": {
        "ligatures": "cancel-circle, close",
        "name": "cancel-circle",
        "order": 61,
        "id": 270,
        "prevSize": 32,
        "code": 59917
      },
      "setIdx": 5,
      "setId": 1,
      "iconIdx": 269
    },
    {
      "icon": {
        "paths": [
          "M1014.662 822.66c-0.004-0.004-0.008-0.008-0.012-0.010l-310.644-310.65 310.644-310.65c0.004-0.004 0.008-0.006 0.012-0.010 3.344-3.346 5.762-7.254 7.312-11.416 4.246-11.376 1.824-24.682-7.324-33.83l-146.746-146.746c-9.148-9.146-22.45-11.566-33.828-7.32-4.16 1.55-8.070 3.968-11.418 7.31 0 0.004-0.004 0.006-0.008 0.010l-310.648 310.652-310.648-310.65c-0.004-0.004-0.006-0.006-0.010-0.010-3.346-3.342-7.254-5.76-11.414-7.31-11.38-4.248-24.682-1.826-33.83 7.32l-146.748 146.748c-9.148 9.148-11.568 22.452-7.322 33.828 1.552 4.16 3.97 8.072 7.312 11.416 0.004 0.002 0.006 0.006 0.010 0.010l310.65 310.648-310.65 310.652c-0.002 0.004-0.006 0.006-0.008 0.010-3.342 3.346-5.76 7.254-7.314 11.414-4.248 11.376-1.826 24.682 7.322 33.83l146.748 146.746c9.15 9.148 22.452 11.568 33.83 7.322 4.16-1.552 8.070-3.97 11.416-7.312 0.002-0.004 0.006-0.006 0.010-0.010l310.648-310.65 310.648 310.65c0.004 0.002 0.008 0.006 0.012 0.008 3.348 3.344 7.254 5.762 11.414 7.314 11.378 4.246 24.684 1.826 33.828-7.322l146.746-146.748c9.148-9.148 11.57-22.454 7.324-33.83-1.552-4.16-3.97-8.068-7.314-11.414z"
        ],
        "tags": [
          "cross",
          "cancel",
          "close",
          "quit",
          "remove"
        ],
        "defaultCode": 59919,
        "grid": 16,
        "attrs": []
      },
      "attrs": [],
      "properties": {
        "ligatures": "cross, cancel",
        "name": "cross",
        "order": 60,
        "id": 272,
        "prevSize": 32,
        "code": 59919
      },
      "setIdx": 5,
      "setId": 1,
      "iconIdx": 271
    },
    {
      "icon": {
        "paths": [
          "M864 704c-45.16 0-85.92 18.738-115.012 48.83l-431.004-215.502c1.314-8.252 2.016-16.706 2.016-25.328s-0.702-17.076-2.016-25.326l431.004-215.502c29.092 30.090 69.852 48.828 115.012 48.828 88.366 0 160-71.634 160-160s-71.634-160-160-160-160 71.634-160 160c0 8.622 0.704 17.076 2.016 25.326l-431.004 215.504c-29.092-30.090-69.852-48.83-115.012-48.83-88.366 0-160 71.636-160 160 0 88.368 71.634 160 160 160 45.16 0 85.92-18.738 115.012-48.828l431.004 215.502c-1.312 8.25-2.016 16.704-2.016 25.326 0 88.368 71.634 160 160 160s160-71.632 160-160c0-88.364-71.634-160-160-160z"
        ],
        "tags": [
          "share",
          "social"
        ],
        "defaultCode": 60034,
        "grid": 16,
        "attrs": []
      },
      "attrs": [],
      "properties": {
        "ligatures": "share2, social",
        "name": "share2",
        "order": 55,
        "id": 387,
        "prevSize": 32,
        "code": 60034
      },
      "setIdx": 5,
      "setId": 1,
      "iconIdx": 386
    },
    {
      "icon": {
        "paths": [
          "M350.868 828.388c-60.274-15.060-93.856-62.97-93.962-134.064-0.032-22.726 1.612-33.62 7.286-48.236 13.908-35.834 50.728-62.872 99.176-72.822 24.11-4.95 31.536-10.266 31.536-22.572 0-3.862 2.872-15.36 6.378-25.552 15.932-46.306 45.43-84.91 76.948-100.702 32.99-16.526 49.642-20.254 89.548-20.040 56.674 0.304 84.952 12.598 124.496 54.128l21.75 22.842 19.484-6.742c94.3-32.636 188.306 22.916 195.888 115.756l2.072 25.398 18.57 6.65c53.032 19.004 77.96 58.904 73.442 117.556-2.958 38.358-20.89 68.98-49.3 84.184l-13.356 7.146-296.822 0.57c-228.094 0.44-300.6-0.368-313.134-3.5v0zM103.218 785.966c-36.176-9.086-74.506-42.854-92.48-81.47-10.196-21.906-10.738-25.128-10.738-63.88 0-36.864 0.87-42.778 8.988-61.080 17.11-38.582 49.894-66.46 91.030-77.408 8.684-2.312 16.842-6 18.128-8.196 1.29-2.198 2.722-14.164 3.182-26.592 2.866-77.196 50.79-145.214 117.708-167.056 36.154-11.8 83.572-12.898 122.896 3.726 12.47 5.274 11.068 6.404 37.438-30.14 15.594-21.612 45.108-44.49 70.9-58.18 27.838-14.776 56.792-21.584 91.412-21.494 96.768 0.252 180.166 64.22 211.004 161.848 9.854 31.192 9.362 39.926-2.26 40.184-5.072 0.112-19.604 3.064-32.292 6.558l-23.072 6.358-21.052-22.25c-59.362-62.734-156.238-76.294-238.592-33.396-32.9 17.138-59.34 41.746-79.31 73.81-14.236 22.858-32.39 65.504-32.39 76.094 0 7.51-5.754 11.264-30.332 19.782-76.094 26.376-120.508 87.282-120.476 165.218 0.010 28.368 6.922 63.074 16.52 82.956 3.618 7.494 5.634 14.622 4.484 15.836-2.946 3.106-97.608 2.060-110.696-1.228v0z"
        ],
        "tags": [
          "onedrive",
          "brand",
          "skydrive"
        ],
        "defaultCode": 60079,
        "grid": 16,
        "attrs": []
      },
      "attrs": [],
      "properties": {
        "ligatures": "onedrive, brand39",
        "name": "onedrive",
        "order": 54,
        "id": 432,
        "prevSize": 32,
        "code": 60079
      },
      "setIdx": 5,
      "setId": 1,
      "iconIdx": 431
    },
    {
      "icon": {
        "paths": [
          "M512.008 12.642c-282.738 0-512.008 229.218-512.008 511.998 0 226.214 146.704 418.132 350.136 485.836 25.586 4.738 34.992-11.11 34.992-24.632 0-12.204-0.48-52.542-0.696-95.324-142.448 30.976-172.504-60.41-172.504-60.41-23.282-59.176-56.848-74.916-56.848-74.916-46.452-31.778 3.51-31.124 3.51-31.124 51.4 3.61 78.476 52.766 78.476 52.766 45.672 78.27 119.776 55.64 149.004 42.558 4.588-33.086 17.852-55.68 32.506-68.464-113.73-12.942-233.276-56.85-233.276-253.032 0-55.898 20.004-101.574 52.76-137.428-5.316-12.9-22.854-64.972 4.952-135.5 0 0 43.006-13.752 140.84 52.49 40.836-11.348 84.636-17.036 128.154-17.234 43.502 0.198 87.336 5.886 128.256 17.234 97.734-66.244 140.656-52.49 140.656-52.49 27.872 70.528 10.35 122.6 5.036 135.5 32.82 35.856 52.694 81.532 52.694 137.428 0 196.654-119.778 239.95-233.79 252.624 18.364 15.89 34.724 47.046 34.724 94.812 0 68.508-0.596 123.644-0.596 140.508 0 13.628 9.222 29.594 35.172 24.566 203.322-67.776 349.842-259.626 349.842-485.768 0-282.78-229.234-511.998-511.992-511.998z"
        ],
        "tags": [
          "github",
          "brand",
          "octacat",
          "social"
        ],
        "defaultCode": 60080,
        "grid": 16,
        "attrs": []
      },
      "attrs": [],
      "properties": {
        "ligatures": "github, brand40",
        "name": "github",
        "order": 28,
        "id": 433,
        "prevSize": 32,
        "code": 60080
      },
      "setIdx": 5,
      "setId": 1,
      "iconIdx": 432
    },
    {
      "icon": {
        "paths": [
          "M567.656 736.916c-81.944 38.118-158.158 37.716-209.34 34.020-61.052-4.41-110.158-21.124-131.742-35.732-13.3-9.006-31.384-5.522-40.39 7.782-9.004 13.302-5.52 31.386 7.782 40.39 34.698 23.486 96.068 40.954 160.162 45.58 10.866 0.784 22.798 1.278 35.646 1.278 55.782 0 126.626-5.316 202.42-40.57 14.564-6.778 20.878-24.074 14.104-38.64-6.776-14.566-24.076-20.872-38.642-14.108zM890.948 693.816c2.786-252.688 28.762-730.206-454.97-691.612-477.6 38.442-350.964 542.968-358.082 711.95-6.308 89.386-35.978 198.648-77.896 309.846h129.1c13.266-47.122 23.024-93.72 27.232-138.15 7.782 5.428 16.108 10.674 24.994 15.7 14.458 8.518 26.884 19.844 40.040 31.834 30.744 28.018 65.59 59.774 133.712 63.752 4.572 0.262 9.174 0.394 13.676 0.394 68.896 0 116.014-30.154 153.878-54.382 18.14-11.612 33.818-21.64 48.564-26.452 41.91-13.12 78.532-34.296 105.904-61.252 4.276-4.208 8.242-8.538 11.962-12.948 15.246 55.878 36.118 118.758 59.288 181.504h275.65c-66.174-102.224-134.436-202.374-133.052-330.184zM124.11 556.352c0-0.016 0-0.030-0.002-0.046-4.746-82.462 34.71-151.832 88.126-154.936 53.412-3.106 100.56 61.228 105.304 143.692 0 0.014 0.004 0.030 0.004 0.044 0.256 4.446 0.368 8.846 0.37 13.206-16.924 4.256-32.192 10.436-45.872 17.63-0.052-0.612-0.092-1.216-0.152-1.83 0-0.008 0-0.018 0-0.026-4.57-46.81-29.572-82.16-55.852-78.958-26.28 3.204-43.88 43.75-39.312 90.558 0 0.010 0.004 0.018 0.004 0.026 1.992 20.408 7.868 38.636 16.042 52.444-2.034 1.604-7.784 5.812-14.406 10.656-4.97 3.634-11.020 8.058-18.314 13.43-19.882-26.094-33.506-63.58-35.94-105.89zM665.26 760.178c-1.9 43.586-58.908 84.592-111.582 101.044l-0.296 0.096c-21.9 7.102-41.428 19.6-62.104 32.83-34.732 22.224-70.646 45.208-122.522 45.208-3.404 0-6.894-0.104-10.326-0.296-47.516-2.778-69.742-23.032-97.88-48.676-14.842-13.526-30.19-27.514-49.976-39.124l-0.424-0.244c-42.706-24.104-69.212-54.082-70.908-80.194-0.842-12.98 4.938-24.218 17.182-33.4 26.636-19.972 44.478-33.022 56.284-41.658 13.11-9.588 17.068-12.48 20-15.264 2.096-1.986 4.364-4.188 6.804-6.562 24.446-23.774 65.36-63.562 128.15-63.562 38.404 0 80.898 14.8 126.17 43.902 21.324 13.878 39.882 20.286 63.38 28.4 16.156 5.578 34.468 11.902 58.992 22.404l0.396 0.164c22.88 9.404 49.896 26.564 48.66 54.932zM652.646 657.806c-4.4-2.214-8.974-4.32-13.744-6.286-22.106-9.456-39.832-15.874-54.534-20.998 8.116-15.894 13.16-35.72 13.624-57.242 0-0.010 0-0.022 0-0.030 1.126-52.374-25.288-94.896-58.996-94.976-33.71-0.078-61.95 42.314-63.076 94.686 0 0.010 0 0.018 0 0.028-0.038 1.714-0.042 3.416-0.020 5.11-20.762-9.552-41.18-16.49-61.166-20.76-0.092-1.968-0.204-3.932-0.244-5.92 0-0.016 0-0.036 0-0.050-1.938-95.412 56.602-174.39 130.754-176.402 74.15-2.014 135.828 73.7 137.772 169.11 0 0.018 0 0.038 0 0.052 0.874 43.146-10.66 82.866-30.37 113.678z"
        ],
        "tags": [
          "tux",
          "brand",
          "linux"
        ],
        "defaultCode": 60093,
        "grid": 16,
        "attrs": []
      },
      "attrs": [],
      "properties": {
        "ligatures": "tux, brand52",
        "name": "tux",
        "order": 30,
        "id": 446,
        "prevSize": 32,
        "code": 60093
      },
      "setIdx": 5,
      "setId": 1,
      "iconIdx": 445
    },
    {
      "icon": {
        "paths": [
          "M569.226 778.256c-0.002-0.044-0.002-0.088-0.004-0.132 0.002 0.044 0.002 0.088 0.004 0.132z",
          "M570.596 814.538c-0.012-0.234-0.022-0.466-0.032-0.702 0.010 0.234 0.020 0.466 0.032 0.702z",
          "M569.814 796.312c-0.006-0.178-0.012-0.356-0.020-0.536 0.010 0.182 0.016 0.358 0.020 0.536z",
          "M960 0h-896c-35.2 0-64 28.8-64 64v896c0 35.2 28.8 64 64 64h493.832c0.044 0 0.088 0.006 0.132 0.006 0.042 0 0.084-0.006 0.126-0.006h401.91c35.2 0 64-28.8 64-64v-896c0-35.2-28.8-64-64-64zM192 224c0-17.672 14.328-32 32-32s32 14.328 32 32v64c0 17.672-14.328 32-32 32s-32-14.328-32-32v-64zM960 960h-375.058c-6.7-42.082-10.906-85.476-13.388-127.604 0.006 0.116 0.010 0.228 0.018 0.344-19.696 2.146-39.578 3.26-59.572 3.26-133.65 0-262.382-48.656-362.484-137.006-14.906-13.156-16.326-35.906-3.168-50.812 13.158-14.904 35.906-16.326 50.814-3.168 86.936 76.728 198.748 118.986 314.838 118.986 19.086 0 38.052-1.166 56.816-3.416-2.192-118.194 6.876-211.914 7.026-213.404 0.898-8.996-2.050-17.952-8.118-24.654-6.066-6.702-14.682-10.526-23.724-10.526h-95.174c1.384-34.614 5.082-93.814 14.958-160.188 18.864-126.76 51.994-225.77 96.152-287.812h400.064v896z",
          "M800 320c-17.674 0-32-14.328-32-32v-64c0-17.672 14.326-32 32-32s32 14.328 32 32v64c0 17.672-14.326 32-32 32z",
          "M540.496 835.232c-3.646 0.192-7.298 0.336-10.956 0.454 3.658-0.116 7.31-0.264 10.956-0.454z",
          "M512 836c4.692 0 9.374-0.074 14.050-0.196-4.676 0.122-9.358 0.196-14.050 0.196z",
          "M539.074 763.202c0.784-0.044 1.568-0.084 2.352-0.132-0.782 0.048-1.568 0.088-2.352 0.132z",
          "M525.084 763.8c1.074-0.030 2.146-0.072 3.218-0.11-1.072 0.038-2.144 0.082-3.218 0.11z",
          "M877.65 648.182c-13.156-14.91-35.908-16.322-50.812-3.168-72.642 64.114-162.658 104.136-258.022 115.57 0.43 23.278 1.294 47.496 2.754 72.156 111.954-12.21 217.786-58.614 302.912-133.746 14.908-13.156 16.326-35.906 3.168-50.812z",
          "M571.498 832.748c-4.606 0.5-9.222 0.936-13.848 1.322 4.626-0.384 9.244-0.822 13.848-1.322z",
          "M555.488 834.242c-3.906 0.312-7.822 0.576-11.742 0.806 3.92-0.226 7.834-0.496 11.742-0.806z"
        ],
        "tags": [
          "finder",
          "brand",
          "mac",
          "os"
        ],
        "defaultCode": 60095,
        "grid": 16,
        "attrs": []
      },
      "attrs": [],
      "properties": {
        "ligatures": "finder, brand54",
        "name": "finder",
        "order": 31,
        "id": 448,
        "prevSize": 32,
        "code": 60095
      },
      "setIdx": 5,
      "setId": 1,
      "iconIdx": 447
    },
    {
      "icon": {
        "paths": [
          "M0.35 512l-0.35-312.074 384-52.144v364.218zM448 138.482l511.872-74.482v448h-511.872zM959.998 576l-0.126 448-511.872-72.016v-375.984zM384 943.836l-383.688-52.594-0.020-315.242h383.708z"
        ],
        "tags": [
          "windows8",
          "brand",
          "os"
        ],
        "defaultCode": 60098,
        "grid": 16,
        "attrs": []
      },
      "attrs": [],
      "properties": {
        "ligatures": "windows8, brand57",
        "name": "windows8",
        "order": 32,
        "id": 451,
        "prevSize": 32,
        "code": 60098
      },
      "setIdx": 5,
      "setId": 1,
      "iconIdx": 450
    },
    {
      "icon": {
        "paths": [
          "M1004.692 466.394l-447.096-447.080c-25.738-25.754-67.496-25.754-93.268 0l-103.882 103.876 78.17 78.17c12.532-5.996 26.564-9.36 41.384-9.36 53.020 0 96 42.98 96 96 0 14.82-3.364 28.854-9.362 41.386l127.976 127.974c12.532-5.996 26.566-9.36 41.386-9.36 53.020 0 96 42.98 96 96s-42.98 96-96 96-96-42.98-96-96c0-14.82 3.364-28.854 9.362-41.386l-127.976-127.974c-3.042 1.456-6.176 2.742-9.384 3.876v266.968c37.282 13.182 64 48.718 64 90.516 0 53.020-42.98 96-96 96s-96-42.98-96-96c0-41.796 26.718-77.334 64-90.516v-266.968c-37.282-13.18-64-48.72-64-90.516 0-14.82 3.364-28.852 9.36-41.384l-78.17-78.17-295.892 295.876c-25.75 25.776-25.75 67.534 0 93.288l447.12 447.080c25.738 25.75 67.484 25.75 93.268 0l445.006-445.006c25.758-25.762 25.758-67.54-0.002-93.29z"
        ],
        "tags": [
          "git",
          "brand"
        ],
        "defaultCode": 60135,
        "grid": 16,
        "attrs": []
      },
      "attrs": [],
      "properties": {
        "ligatures": "git, brand80",
        "name": "git",
        "order": 27,
        "id": 488,
        "prevSize": 32,
        "code": 60135
      },
      "setIdx": 5,
      "setId": 1,
      "iconIdx": 487
    }
  ],
  "height": 1024,
  "metadata": {
    "name": "icomoon"
  },
  "preferences": {
    "showGlyphs": true,
    "showQuickUse": true,
    "showQuickUse2": true,
    "showSVGs": true,
    "fontPref": {
      "prefix": "icon-",
      "metadata": {
        "fontFamily": "icomoon"
      },
      "metrics": {
        "emSize": 1024,
        "baseline": 6.25,
        "whitespace": 50
      },
      "embed": false
    },
    "imagePref": {
      "prefix": "icon-",
      "png": true,
      "useClassSelector": true,
      "color": 0,
      "bgColor": 16777215,
      "classSelector": ".icon"
    },
    "historySize": 100,
    "showCodes": true,
    "gridSize": 16
  }
}